{"cameraMode":{"drawMode":0,"name":"Shaded","section":"Shading Mode"},"sceneLighting":true,"audioPlay":false,"sceneViewState":{"m_AlwaysRefresh":false,"showFog":true,"showSkybox":true,"showFlares":true,"showImageEffects":true,"showParticleSystems":true,"showVisualEffectGraphs":true,"m_FxEnabled":true},"in2DMode":false,"pivot":{"x":-1182.9002685546875,"y":230.54405212402345,"z":3950.493408203125},"rotation":{"x":-0.11696484684944153,"y":0.8211988210678101,"z":-0.18172487616539002,"w":-0.5283154249191284},"size":1476.1439208984375,"orthographic":false}